<?xml version="1.0" encoding="UTF-8"?>
<project-private xmlns="http://www.netbeans.org/ns/project-private/1">
    <editor-bookmarks xmlns="http://www.netbeans.org/ns/editor-bookmarks/2" lastBookmarkId="0"/>
    <open-files xmlns="http://www.netbeans.org/ns/projectui-open-files/2">
        <group>
            <file>file:/C:/Users/LENOVO/Documents/NetBeansProjects/PAIFAL/src/paifal/detailwisata.java</file>
            <file>file:/C:/Users/LENOVO/Documents/NetBeansProjects/PAIFAL/src/paifal/nilai.java</file>
            <file>file:/C:/Users/LENOVO/Documents/NetBeansProjects/PAIFAL/src/paifal/halamanutama.java</file>
            <file>file:/C:/Users/LENOVO/Documents/NetBeansProjects/PAIFAL/src/paifal/login.java</file>
            <file>file:/C:/Users/LENOVO/Documents/NetBeansProjects/PAIFAL/src/paifal/admin.java</file>
            <file>file:/C:/Users/LENOVO/Documents/NetBeansProjects/PAIFAL/src/paifal/register.java</file>
        </group>
    </open-files>
</project-private>
